genre,count,percent
history,457,56.004901960784316
war,288,35.294117647058826
western,139,17.034313725490197
biography,0,0.0
