genre,count,percent
history,448,54.90196078431373
war,291,35.661764705882355
western,142,17.401960784313726
biography,0,0.0
